{"weights": {"Slytherin": [-1.3234694674045056, -0.05078824501313546, -0.44941364709858156, -0.616171879645353, 0.4663826527672662, -0.904179509747703, -0.26405777247702794, -0.35039193918794753, 0.02289550699327541, 0.0927949210370702, 0.3970725585754332, -0.016787625267510535, -0.4163136272653051, -0.2918393702946249], "Gryffindor": [-1.2073589062921826, -0.02320041306260216, 0.13798059105310687, -0.5768389719094096, -0.15561472626318604, 0.15179257485389208, -0.09987886868786701, 0.5465129958059619, -0.6905864123922892, -0.7338704127709554, -0.23432115970282152, -0.054316149351546994, -0.33939191443498395, 0.6633112545590315], "Hufflepuff": [-0.7908293995386868, 0.08152814162212613, 0.7788186285161529, 0.6627719395349065, -0.7672155409881314, 0.41850189040818364, -0.5195127330883523, -0.7994487068886046, 0.442966140591862, 0.4366380957543, -0.27000689029700503, 0.07175209848561032, -0.08697848770754728, -0.3121444809266746], "Ravenclaw": [-0.8893270272009732, 0.025642027916797122, -0.5454622356630309, 0.38366319596671317, 0.5588094488396743, 0.32231570661701514, 0.9025548918710603, 0.749883453083324, 0.0596122211162927, 0.08939673910996816, 0.08153345854540298, 0.04263228785674434, 0.807386662589956, 0.03578671640595843]}, "mean": [49634.57024265648, 39.79713089016471, 1.141019529676806, -0.3878634974417859, 3.1539096732863516, -224.5899148634645, 495.74797005915826, 2.9630946151165927, 1030.096946387131, 5.950372992780078, -0.053427136700496265, -243.3744090125, 21.958012499999985], "std": [16496.361899782878, 514.9047364298931, 5.163925073157666, 5.160402491384729, 4.103030881423507, 480.842332513923, 105.08265387187238, 4.364496027131784, 43.63982882393577, 3.1172102544701388, 0.9589293997677879, 8.780894559533115, 97.6010874237569], "classes": ["Slytherin", "Gryffindor", "Hufflepuff", "Ravenclaw"]}