{"weights": {"Hufflepuff": [-0.7580609531559056, 0.08867156139850575, 0.7706694925944259, 0.7533429227974956, -0.7649052804060361, 0.41197648258368447, -0.4759548586024452, -0.7633118819710217, 0.5048255119227208, 0.4204626558969103, -0.2009295035951949, -0.02596138639906725, -0.0220008571380096, -0.31803242616397726], "Slytherin": [-1.3331827315107183, -0.00818545200379466, -0.41248415639606983, -0.5633282845085535, 0.44336205294793496, -0.897787980705356, -0.21481500356119446, -0.3629405859194004, 0.06351396574391112, 0.1189806680592384, 0.3698652924173201, -0.003926762790403572, -0.4047877195292779, -0.31578813990676585], "Gryffindor": [-1.22466322645825, 0.023812694174300077, 0.1497873583125398, -0.5529838569545351, -0.14195156359981123, 0.179592031966159, -0.10927320400303844, 0.5457811192188425, -0.6363193328508137, -0.6976490506502273, -0.21549836811126039, 0.015463865055213622, -0.31651172184314064, 0.6293186298465322], "Ravenclaw": [-0.9248183217673999, 0.10186915012986483, -0.5495122977897793, 0.32319967706981795, 0.5168297842583656, 0.3136714591286802, 0.8378624157829856, 0.6409151616298406, 0.09561233924778025, 0.11259440756002587, 0.05266899866759627, -0.015801392072663532, 0.7530038027854608, -0.04712091080988776]}, "mean": [49634.57024265648, 39.79713089016471, 1.141019529676806, -0.3878634974417859, 3.1539096732863516, -224.5899148634645, 495.74797005915826, 2.9630946151165927, 1030.096946387131, 5.950372992780078, -0.053427136700496265, -243.3744090125, 21.958012499999985], "std": [16496.361899782878, 514.9047364298931, 5.163925073157666, 5.160402491384729, 4.103030881423507, 480.842332513923, 105.08265387187238, 4.364496027131784, 43.63982882393577, 3.1172102544701388, 0.9589293997677879, 8.780894559533115, 97.6010874237569], "classes": ["Hufflepuff", "Slytherin", "Gryffindor", "Ravenclaw"], "gd_type": "stochastic"}